Workbook

Sheet HOJA 1. CONFIGURACION
A1: TABLA 1. PARAMETROS POR FASE
A2: Parametro | B2: Unidad | C2: Mesófila I | D2: Termófila | E2: Mesófila II | F2: Maduración | G2: Fuente:
A3: Temperatura minima | B3: °C | C3: 40 | D3: 55 | E3: 40 | F3: 20
A4: Temperatura maxima | B4: °C | C4: 55 | D4: 65 | E4: 45 | F4: 30
A5: humedad minima | B5: % | C5: 20 | D5: 45 | E5: 45 | F5: 30
A6: humedad maxima | B6: % | C6: 45 | D6: 55 | E6: 50 | F6: 40
A7: Ph minimo | B7: - | C7: 5.5 | D7: 6 | E7: 6.5 | F7: 6.5
A8: Ph maximo | B8: - | C8: 6.5 | D8: 8.5 | E8: 7.5 | F8: 7
A9: C/N minimo | B9: - | C9: 25 | D9: 15 | E9: 15 | F9: 10
A10: C/N maximo | B10: - | C10: 35 | D10: 20 | E10: 20 | F10: 15
A11: estado esperado | B11: - | C11: inicio de degradacion | D11: maxima actividad biologica | E11: enfriamiento | F11: compost estable | G11: elaboracion propia

Sheet HOJA 2. INSUMOS
A1: Nombre de insumo | B1: codigo de insumo | C1: Humedad (%) | D1: Carbono (%) | E1: Nitrogeno (%) | F1: Relacion C/N | G1: Densidad (Kg/m3) | H1: Fuente
A2: Residuos organicos | B2: RO | C2: 80 | D2: 48 | E2: 3.2 | F2: 15 | G2: 650 | H2: Li et al. (2023). Journal of Environmental Management.
A3: Lodo deshidratado de PTAR | B3: LD | C3: 40 | D3: 32 | E3: 3.5 | F3: 9 | G3: 900 | H3: He et al. (2021). Science of The Total Environment.
A4: Carton | B4: CA | C4: 0 | D4: 45 | E4: 0.11 | F4: 400 | G4: 100 | H4: Li et al. (2023). Journal of Environmental Management.
A5: Residuos organicos deshidratados | B5: ROD | C5: 15 | D5: 48.3 | E5: 3.26 | F5: 15 | G5: 550 | H5: Arumugam, V., et al. (2022). Dehydrated Food Waste for Composting: An Overview. Pertanika Journal of Science and Technology, 30(4).

Sheet HOJA 3. FORMULACION
A1: INGRESO DE RESIDUOS | L1: PANEL DE RESULTADOS | Q1: ESTADO DE FORMULACIÓN
A2: FECHA | B2: OPERADOR | C2: CODIGO DE LOTE | D2: TONELADAS DE RESIDUOS ORGANICOS | E2: TONELADAS DE RESIDUOS ORGANICOS DESHIDRATADOS | F2: TONELADAS DE LODO | G2: TONELADAS DE CARTÓN | H2: COMENTARIOS | I2: TOTAL DIARIO | J2: TOTAL ACUMULADO DE LOTE | K2: ESTADO DE LOTE | L2: Humedad inicial de la mezcla (%) | M2: Carbono total en base seca (Ton o kg) | N2: Nitrogeno total en base seca (ton o kg) | O2: Relacion C/N inicial | P2: Masa total de la mezcla calculada (ton) | Q2: Recomendaciones del sistema | R2: Estado de la humedad | S2: Estado de la relacion C/N | T2: Estado de la formulación | U2: Recomendación para humedad | V2: Recomendación para relacion C/N | W2: Recomendación final
A3: 46030 | B3: MISHEL RUIZ | C3: CMP-001-2026 | D3: 8 | E3: 4 | F3: 2 | G3: 10 | H3: Se inicio con la formacion de la pila | I3: =SUM(Table211[[#This Row],[TONELADAS DE RESIDUOS ORGANICOS]:[TONELADAS DE CARTÓN ]]) -> 24 | J3: =SUMIFS($I$3:I3,$C$3:C3,C3) -> 24 | K3: EN ALIMENTACION | L3: ='Calculo progresivo por lote'!M3 -> 32.5 | M3: ='Calculo progresivo por lote'!N3 -> 45.025926 | N3: ='Calculo progresivo por lote'!O3 -> 1.3274074 | O3: ='Calculo progresivo por lote'!P3 -> 33.920201 | P3: =SUM(D3:G3) -> 24 | Q3: =IF(OR(R3="",S3=""),"", IF(AND(R3="CORRECTA",S3="CORRECTO"), "La formulación cumple los criterios iniciales para conformar la pila.", IF(AND(R3="BAJA",S3="BAJO"), "Ajustar la humedad e incrementar material rico en carbono antes de conformar la pila.", IF(AND(R3="BAJA",S3="ALTO"), "Ajustar la humedad e incrementar material con mayor aporte de nitrógeno.", IF(AND(R3="ALTA",S3="BAJO"), "Incrementar material seco y rico en carbono antes de conformar la pila.", IF(AND(R3="ALTA",S3="ALTO"), "Incrementar material seco y revisar el balance de nitrógeno de la mezcla.", IF(R3="BAJA", "Ajustar la humedad inicial antes de conformar la pila.", IF(R3="ALTA", "Incrementar material seco para reducir la humedad.", IF(S3="BAJO", "Incrementar material rico en carbono, como cartón.", IF(S3="ALTO", "Incrementar material con mayor aporte de nitrógeno.", "Revisar la formulación.")))))))))) -> La formulación cumple los criterios iniciales para conformar la pila. | R3: =IF(L3<'HOJA 1. CONFIGURACION'!$C$5,"BAJA", IF(L3>'HOJA 1. CONFIGURACION'!$C$6,"ALTA", "CORRECTA")) -> CORRECTA | S3: =IF(O3<'HOJA 1. CONFIGURACION'!$C$9,"BAJO", IF(O3>'HOJA 1. CONFIGURACION'!$C$10,"ALTO", "CORRECTO")) -> CORRECTO | T3: =IF(OR(R3="",S3=""),"",IF(AND(TRIM(R3)="CORRECTA",TRIM(S3)="CORRECTO"),"APROBADA","REFORMULAR")) -> APROBADA | U3: =IF(R3="","",IF(R3="CORRECTA","",_xlfn.XLOOKUP("Humedad inicial|"&TRIM(R3),Table8[[CLAVE ]],Table8[Recomendación],"REGLA NO ENCONTRADA"))) | V3: =IF(S3="","",IF(S3="CORRECTO","",_xlfn.XLOOKUP("Relacion C/N|"&TRIM(S3),Table8[[CLAVE ]],Table8[Recomendación],"REGLA NO ENCONTRADA"))) | W3: =IF(T3="","",IF(T3="APROBADA","La formulación cumple los parámetros establecidos para iniciar el compostaje.",_xlfn.TEXTJOIN(" | ",TRUE,U3,V3))) -> La formulación cumple los parámetros establecidos para iniciar el compostaje.
A4: 46061 | B4: MISHEL RUIZ | C4: CMP-001-2026 | D4: 7 | E4: 5 | F4: 6 | G4: 12 | H4: ingreso de residuos humedos, presencia de plasticos en segregacion | I4: =SUM(Table211[[#This Row],[TONELADAS DE RESIDUOS ORGANICOS]:[TONELADAS DE CARTÓN ]]) -> 30 | J4: =SUMIFS($I$3:I4,$C$3:C4,C4) -> 54 | K4: EN ALIMENTACION | L4: ='Calculo progresivo por lote'!M4 -> 30.648148 | M4: ='Calculo progresivo por lote'!N4 -> 44.248198 | N4: ='Calculo progresivo por lote'!O4 -> 1.4354873 | O4: ='Calculo progresivo por lote'!P4 -> 30.824513 | P4: =SUM(D4:G4) -> 30 | Q4: =IF(OR(R4="",S4=""),"", IF(AND(R4="CORRECTA",S4="CORRECTO"), "La formulación cumple los criterios iniciales para conformar la pila.", IF(AND(R4="BAJA",S4="BAJO"), "Ajustar la humedad e incrementar material rico en carbono antes de conformar la pila.", IF(AND(R4="BAJA",S4="ALTO"), "Ajustar la humedad e incrementar material con mayor aporte de nitrógeno.", IF(AND(R4="ALTA",S4="BAJO"), "Incrementar material seco y rico en carbono antes de conformar la pila.", IF(AND(R4="ALTA",S4="ALTO"), "Incrementar material seco y revisar el balance de nitrógeno de la mezcla.", IF(R4="BAJA", "Ajustar la humedad inicial antes de conformar la pila.", IF(R4="ALTA", "Incrementar material seco para reducir la humedad.", IF(S4="BAJO", "Incrementar material rico en carbono, como cartón.", IF(S4="ALTO", "Incrementar material con mayor aporte de nitrógeno.", "Revisar la formulación.")))))))))) -> La formulación cumple los criterios iniciales para conformar la pila. | R4: =IF(L4<'HOJA 1. CONFIGURACION'!$C$5,"BAJA", IF(L4>'HOJA 1. CONFIGURACION'!$C$6,"ALTA", "CORRECTA")) -> CORRECTA | S4: =IF(O4<'HOJA 1. CONFIGURACION'!$C$9,"BAJO", IF(O4>'HOJA 1. CONFIGURACION'!$C$10,"ALTO", "CORRECTO")) -> CORRECTO | T4: =IF(OR(R4="",S4=""),"",IF(AND(TRIM(R4)="CORRECTA",TRIM(S4)="CORRECTO"),"APROBADA","REFORMULAR")) -> APROBADA | U4: =IF(R4="","",IF(R4="CORRECTA","",_xlfn.XLOOKUP("Humedad inicial|"&TRIM(R4),Table8[[CLAVE ]],Table8[Recomendación],"REGLA NO ENCONTRADA"))) | V4: =IF(S4="","",IF(S4="CORRECTO","",_xlfn.XLOOKUP("Relacion C/N|"&TRIM(S4),Table8[[CLAVE ]],Table8[Recomendación],"REGLA NO ENCONTRADA"))) | W4: =IF(T4="","",IF(T4="APROBADA","La formulación cumple los parámetros establecidos para iniciar el compostaje.",_xlfn.TEXTJOIN(" | ",TRUE,U4,V4))) -> La formulación cumple los parámetros establecidos para iniciar el compostaje.
A5: 46062 | B5: MISHEL RUIZ | C5: CMP-002-2026 | D5: 6 | E5: 8 | F5: 7 | G5: 9 | I5: =SUM(Table211[[#This Row],[TONELADAS DE RESIDUOS ORGANICOS]:[TONELADAS DE CARTÓN ]]) -> 30 | J5: =SUMIFS($I$3:I5,$C$3:C5,C5) -> 30 | K5: EN ALIMENTACION | L5: ='Calculo progresivo por lote'!M5 -> 29.333333 | M5: ='Calculo progresivo por lote'!N5 -> 43.65283 | N5: ='Calculo progresivo por lote'!O5 -> 1.9668868 | O5: ='Calculo progresivo por lote'!P5 -> 22.19387 | P5: =SUM(D5:G5) -> 30 | Q5: =IF(OR(R5="",S5=""),"", IF(AND(R5="CORRECTA",S5="CORRECTO"), "La formulación cumple los criterios iniciales para conformar la pila.", IF(AND(R5="BAJA",S5="BAJO"), "Ajustar la humedad e incrementar material rico en carbono antes de conformar la pila.", IF(AND(R5="BAJA",S5="ALTO"), "Ajustar la humedad e incrementar material con mayor aporte de nitrógeno.", IF(AND(R5="ALTA",S5="BAJO"), "Incrementar material seco y rico en carbono antes de conformar la pila.", IF(AND(R5="ALTA",S5="ALTO"), "Incrementar material seco y revisar el balance de nitrógeno de la mezcla.", IF(R5="BAJA", "Ajustar la humedad inicial antes de conformar la pila.", IF(R5="ALTA", "Incrementar material seco para reducir la humedad.", IF(S5="BAJO", "Incrementar material rico en carbono, como cartón.", IF(S5="ALTO", "Incrementar material con mayor aporte de nitrógeno.", "Revisar la formulación.")))))))))) -> Incrementar material rico en carbono, como cartón. | R5: =IF(L5<'HOJA 1. CONFIGURACION'!$C$5,"BAJA", IF(L5>'HOJA 1. CONFIGURACION'!$C$6,"ALTA", "CORRECTA")) -> CORRECTA | S5: =IF(O5<'HOJA 1. CONFIGURACION'!$C$9,"BAJO", IF(O5>'HOJA 1. CONFIGURACION'!$C$10,"ALTO", "CORRECTO")) -> BAJO | T5: =IF(OR(R5="",S5=""),"",IF(AND(TRIM(R5)="CORRECTA",TRIM(S5)="CORRECTO"),"APROBADA","REFORMULAR")) -> REFORMULAR | U5: =IF(R5="","",IF(R5="CORRECTA","",_xlfn.XLOOKUP("Humedad inicial|"&TRIM(R5),Table8[[CLAVE ]],Table8[Recomendación],"REGLA NO ENCONTRADA"))) | V5: =IF(S5="","",IF(S5="CORRECTO","",_xlfn.XLOOKUP("Relacion C/N|"&TRIM(S5),Table8[[CLAVE ]],Table8[Recomendación],"REGLA NO ENCONTRADA"))) -> Incrementar materiales ricos en carbono, como aserrin, podas, etc | W5: =IF(T5="","",IF(T5="APROBADA","La formulación cumple los parámetros establecidos para iniciar el compostaje.",_xlfn.TEXTJOIN(" | ",TRUE,U5,V5))) -> Incrementar materiales ricos en carbono, como aserrin, podas, etc
A6: 46063 | B6: MISHEL RUIZ | C6: CMP-002-2026 | G6: 5 | I6: =SUM(Table211[[#This Row],[TONELADAS DE RESIDUOS ORGANICOS]:[TONELADAS DE CARTÓN ]]) -> 5 | J6: =SUMIFS($I$3:I8,$C$3:C8,C6) -> 35 | K6: EN ALIMENTACION | L6: ='Calculo progresivo por lote'!M6 -> 25.142857 | M6: ='Calculo progresivo por lote'!N6 -> 43.909924 | N6: ='Calculo progresivo por lote'!O6 -> 1.6125191 | O6: ='Calculo progresivo por lote'!P6 -> 27.230638 | P6: =SUM(D6:G6) -> 5 | Q6: =IF(OR(R6="",S6=""),"", IF(AND(R6="CORRECTA",S6="CORRECTO"), "La formulación cumple los criterios iniciales para conformar la pila.", IF(AND(R6="BAJA",S6="BAJO"), "Ajustar la humedad e incrementar material rico en carbono antes de conformar la pila.", IF(AND(R6="BAJA",S6="ALTO"), "Ajustar la humedad e incrementar material con mayor aporte de nitrógeno.", IF(AND(R6="ALTA",S6="BAJO"), "Incrementar material seco y rico en carbono antes de conformar la pila.", IF(AND(R6="ALTA",S6="ALTO"), "Incrementar material seco y revisar el balance de nitrógeno de la mezcla.", IF(R6="BAJA", "Ajustar la humedad inicial antes de conformar la pila.", IF(R6="ALTA", "Incrementar material seco para reducir la humedad.", IF(S6="BAJO", "Incrementar material rico en carbono, como cartón.", IF(S6="ALTO", "Incrementar material con mayor aporte de nitrógeno.", "Revisar la formulación.")))))))))) -> La formulación cumple los criterios iniciales para conformar la pila. | R6: =IF(L6<'HOJA 1. CONFIGURACION'!$C$5,"BAJA", IF(L6>'HOJA 1. CONFIGURACION'!$C$6,"ALTA", "CORRECTA")) -> CORRECTA | S6: =IF(O6<'HOJA 1. CONFIGURACION'!$C$9,"BAJO", IF(O6>'HOJA 1. CONFIGURACION'!$C$10,"ALTO", "CORRECTO")) -> CORRECTO | T6: =IF(OR(R6="",S6=""),"",IF(AND(TRIM(R6)="CORRECTA",TRIM(S6)="CORRECTO"),"APROBADA","REFORMULAR")) -> APROBADA | U6: =IF(R6="","",IF(R6="CORRECTA","",_xlfn.XLOOKUP("Humedad inicial|"&TRIM(R6),Table8[[CLAVE ]],Table8[Recomendación],"REGLA NO ENCONTRADA"))) | V6: =IF(S6="","",IF(S6="CORRECTO","",_xlfn.XLOOKUP("Relacion C/N|"&TRIM(S6),Table8[[CLAVE ]],Table8[Recomendación],"REGLA NO ENCONTRADA"))) | W6: =IF(T6="","",IF(T6="APROBADA","La formulación cumple los parámetros establecidos para iniciar el compostaje.",_xlfn.TEXTJOIN(" | ",TRUE,U6,V6))) -> La formulación cumple los parámetros establecidos para iniciar el compostaje.
A7: 46032 | B7: MISHEL RUIZ | C7: CMP-001-2026 | D7: 12 | E7: 0 | F7: 3 | G7: 5 | I7: =SUM(Table211[[#This Row],[TONELADAS DE RESIDUOS ORGANICOS]:[TONELADAS DE CARTÓN ]]) -> 20 | J7: =SUMIFS($I$3:I8,$C$3:C8,C7) -> 74 | K7: EN ALIMENTACION | L7: ='Calculo progresivo por lote'!M7 -> 36.959459 | M7: ='Calculo progresivo por lote'!N7 -> 44.049196 | N7: ='Calculo progresivo por lote'!O7 -> 1.4638585 | O7: ='Calculo progresivo por lote'!P7 -> 30.091157 | P7: =SUM(D7:G7) -> 20 | Q7: =IF(OR(R7="",S7=""),"", IF(AND(R7="CORRECTA",S7="CORRECTO"), "La formulación cumple los criterios iniciales para conformar la pila.", IF(AND(R7="BAJA",S7="BAJO"), "Ajustar la humedad e incrementar material rico en carbono antes de conformar la pila.", IF(AND(R7="BAJA",S7="ALTO"), "Ajustar la humedad e incrementar material con mayor aporte de nitrógeno.", IF(AND(R7="ALTA",S7="BAJO"), "Incrementar material seco y rico en carbono antes de conformar la pila.", IF(AND(R7="ALTA",S7="ALTO"), "Incrementar material seco y revisar el balance de nitrógeno de la mezcla.", IF(R7="BAJA", "Ajustar la humedad inicial antes de conformar la pila.", IF(R7="ALTA", "Incrementar material seco para reducir la humedad.", IF(S7="BAJO", "Incrementar material rico en carbono, como cartón.", IF(S7="ALTO", "Incrementar material con mayor aporte de nitrógeno.", "Revisar la formulación.")))))))))) -> La formulación cumple los criterios iniciales para conformar la pila. | R7: =IF(L7<'HOJA 1. CONFIGURACION'!$C$5,"BAJA", IF(L7>'HOJA 1. CONFIGURACION'!$C$6,"ALTA", "CORRECTA")) -> CORRECTA | S7: =IF(O7<'HOJA 1. CONFIGURACION'!$C$9,"BAJO", IF(O7>'HOJA 1. CONFIGURACION'!$C$10,"ALTO", "CORRECTO")) -> CORRECTO | T7: =IF(OR(R7="",S7=""),"",IF(AND(TRIM(R7)="CORRECTA",TRIM(S7)="CORRECTO"),"APROBADA","REFORMULAR")) -> APROBADA | U7: =IF(R7="","",IF(R7="CORRECTA","",_xlfn.XLOOKUP("Humedad inicial|"&TRIM(R7),Table8[[CLAVE ]],Table8[Recomendación],"REGLA NO ENCONTRADA"))) | V7: =IF(S7="","",IF(S7="CORRECTO","",_xlfn.XLOOKUP("Relacion C/N|"&TRIM(S7),Table8[[CLAVE ]],Table8[Recomendación],"REGLA NO ENCONTRADA"))) | W7: =IF(T7="","",IF(T7="APROBADA","La formulación cumple los parámetros establecidos para iniciar el compostaje.",_xlfn.TEXTJOIN(" | ",TRUE,U7,V7))) -> La formulación cumple los parámetros establecidos para iniciar el compostaje.
I8: =SUM(Table211[[#This Row],[TONELADAS DE RESIDUOS ORGANICOS]:[TONELADAS DE CARTÓN ]]) -> 0 | J8: =SUMIFS($I$3:I8,$C$3:C8,C8) -> 0 | L8: ='Calculo progresivo por lote'!M8 | M8: ='Calculo progresivo por lote'!N8 | N8: ='Calculo progresivo por lote'!O8 | O8: ='Calculo progresivo por lote'!O8 | P8: =SUM(D8:G8) -> 0 | Q8: =IF(OR(R8="",S8=""),"", IF(AND(R8="CORRECTA",S8="CORRECTO"), "La formulación cumple los criterios iniciales para conformar la pila.", IF(AND(R8="BAJA",S8="BAJO"), "Ajustar la humedad e incrementar material rico en carbono antes de conformar la pila.", IF(AND(R8="BAJA",S8="ALTO"), "Ajustar la humedad e incrementar material con mayor aporte de nitrógeno.", IF(AND(R8="ALTA",S8="BAJO"), "Incrementar material seco y rico en carbono antes de conformar la pila.", IF(AND(R8="ALTA",S8="ALTO"), "Incrementar material seco y revisar el balance de nitrógeno de la mezcla.", IF(R8="BAJA", "Ajustar la humedad inicial antes de conformar la pila.", IF(R8="ALTA", "Incrementar material seco para reducir la humedad.", IF(S8="BAJO", "Incrementar material rico en carbono, como cartón.", IF(S8="ALTO", "Incrementar material con mayor aporte de nitrógeno.", "Revisar la formulación.")))))))))) -> Incrementar material seco y revisar el balance de nitrógeno de la mezcla. | R8: =IF(L8<'HOJA 1. CONFIGURACION'!$C$5,"BAJA", IF(L8>'HOJA 1. CONFIGURACION'!$C$6,"ALTA", "CORRECTA")) -> ALTA | S8: =IF(O8<'HOJA 1. CONFIGURACION'!$C$9,"BAJO", IF(O8>'HOJA 1. CONFIGURACION'!$C$10,"ALTO", "CORRECTO")) -> ALTO | T8: =IF(OR(R8="",S8=""),"",IF(AND(TRIM(R8)="CORRECTA",TRIM(S8)="CORRECTO"),"APROBADA","REFORMULAR")) -> REFORMULAR | U8: =IF(R8="","",IF(R8="CORRECTA","",_xlfn.XLOOKUP("Humedad inicial|"&TRIM(R8),Table8[[CLAVE ]],Table8[Recomendación],"REGLA NO ENCONTRADA"))) -> Incrementar el material estructurante para reducir la humedad de la mezcla | V8: =IF(S8="","",IF(S8="CORRECTO","",_xlfn.XLOOKUP("Relacion C/N|"&TRIM(S8),Table8[[CLAVE ]],Table8[Recomendación],"REGLA NO ENCONTRADA"))) -> incrementar materiales con mayor contenido de nitrogeno | W8: =IF(T8="","",IF(T8="APROBADA","La formulación cumple los parámetros establecidos para iniciar el compostaje.",_xlfn.TEXTJOIN(" | ",TRUE,U8,V8))) -> Incrementar el material estructurante para reducir la humedad de la mezcla | incrementar materiales con mayor contenido de nitrogeno
U9: =COUNTIF(Table8[[CLAVE ]],"HUMEDAD INICIAL|"&UPPER(TRIM(R3))) -> 1

Sheet bloque auxiliar
A1: Insumo | B1: Masa humeda (ton) | C1: Humedad (%) | D1: Masa seca (ton) | E1: Carbono (%) | F1: Carbono (ton) | G1: Nitrogeno (%) | H1: Nitrogeno (ton) | I1: Agua (ton)
A2: RO | B2: ='HOJA 3. FORMULACION'!D3 -> 8 | C2: =_xlfn.XLOOKUP(A2,'HOJA 2. INSUMOS'!$B$2:$B$5,'HOJA 2. INSUMOS'!$C$2:$C$5) -> 80 | D2: =B2*(1-C2/100) -> 1.6 | E2: =_xlfn.XLOOKUP(A2,'HOJA 2. INSUMOS'!$B$2:$B$5,'HOJA 2. INSUMOS'!$D$2:$D$5) -> 48 | F2: =D2*(E2/100) -> 0.768 | G2: =_xlfn.XLOOKUP(A2,'HOJA 2. INSUMOS'!$B$2:$B$5,'HOJA 2. INSUMOS'!$E$2:$E$5) -> 3.2 | H2: =D2*(G2/100) -> 0.0512 | I2: =B2-D2 -> 6.4
A3: ROD | B3: ='HOJA 3. FORMULACION'!E3 -> 4 | C3: =_xlfn.XLOOKUP(A3,'HOJA 2. INSUMOS'!$B$2:$B$5,'HOJA 2. INSUMOS'!$C$2:$C$5) -> 15 | D3: =B3*(1-C3/100) -> 3.4 | E3: =_xlfn.XLOOKUP(A3,'HOJA 2. INSUMOS'!$B$2:$B$5,'HOJA 2. INSUMOS'!$D$2:$D$5) -> 48.3 | F3: =D3*(E3/100) -> 1.6422 | G3: =_xlfn.XLOOKUP(A3,'HOJA 2. INSUMOS'!$B$2:$B$5,'HOJA 2. INSUMOS'!$E$2:$E$5) -> 3.26 | H3: =D3*(G3/100) -> 0.11084 | I3: =B3-D3 -> 0.6
A4: LD | B4: ='HOJA 3. FORMULACION'!F3 -> 2 | C4: =_xlfn.XLOOKUP(A4,'HOJA 2. INSUMOS'!$B$2:$B$5,'HOJA 2. INSUMOS'!$C$2:$C$5) -> 40 | D4: =B4*(1-C4/100) -> 1.2 | E4: =_xlfn.XLOOKUP(A4,'HOJA 2. INSUMOS'!$B$2:$B$5,'HOJA 2. INSUMOS'!$D$2:$D$5) -> 32 | F4: =D4*(E4/100) -> 0.384 | G4: =_xlfn.XLOOKUP(A4,'HOJA 2. INSUMOS'!$B$2:$B$5,'HOJA 2. INSUMOS'!$E$2:$E$5) -> 3.5 | H4: =D4*(G4/100) -> 0.042 | I4: =B4-D4 -> 0.8
A5: CA | B5: ='HOJA 3. FORMULACION'!G3 -> 10 | C5: =_xlfn.XLOOKUP(A5,'HOJA 2. INSUMOS'!$B$2:$B$5,'HOJA 2. INSUMOS'!$C$2:$C$5) -> 0 | D5: =B5*(1-C5/100) -> 10 | E5: =_xlfn.XLOOKUP(A5,'HOJA 2. INSUMOS'!$B$2:$B$5,'HOJA 2. INSUMOS'!$D$2:$D$5) -> 45 | F5: =D5*(E5/100) -> 4.5 | G5: =_xlfn.XLOOKUP(A5,'HOJA 2. INSUMOS'!$B$2:$B$5,'HOJA 2. INSUMOS'!$E$2:$E$5) -> 0.11 | H5: =D5*(G5/100) -> 0.011 | I5: =B5-D5 -> 0
A6: TOTAL | B6: =SUM(B2:B5) -> 24 | D6: =SUM(D2:D5) -> 16.2 | F6: =SUM(F2:F5) -> 7.2942 | H6: =SUM(H2:H5) -> 0.21504 | I6: =SUM(I2:I5) -> 7.8
B8: REPORTE
B9: Humedad inicial (%) | D9: =IFERROR(I6/B6*100,0) -> 32.5
B10: Carbono de la mezcla (%) | D10: =IFERROR(F6/D6*100,0) -> 45.025926
B11: Nitrogeno de la mezcla (%) | D11: =IFERROR(H6/D6*100,0) -> 1.3274074
B12: Relacion C/N inicial | D12: =IFERROR(F6/H6,0) -> 33.920201

Sheet Calculo progresivo por lote
A1: DATOS DE INGRESO | C1: RESULTADOS DIARIOS | H1: RESULTADOS DE LOTE | M1: RESULTADO ACUMULADO
A2: Fecha | B2: Codigo de lote | C2: Masa humeda diaria (ton) | D2: Agua diaria (ton) | E2: Masa seca diaria (ton) | F2: Carbono diario (ton) | G2: Nitrogeno diario (ton) | H2: Masa humeda acumulada del lote (ton) | I2: Agua acumulada del lote (ton) | J2: Masa seca acumulada por lote(ton) | K2: Carbono acumulado del lote (ton) | L2: Nitrogeno acumulado del lote (ton) | M2: Humedad acumulada (%) | N2: Carbono acumulado en base seca (%) | O2: Nitrogeno acumulado en base seca (%) | P2: Relacion C/N acumulada
A3: ='HOJA 3. FORMULACION'!A3 -> 46030 | B3: ='HOJA 3. FORMULACION'!C3 -> CMP-001-2026 | C3: ='HOJA 3. FORMULACION'!I3 -> 24 | D3: =IF(B3="","", 'HOJA 3. FORMULACION'!D3*'HOJA 2. INSUMOS'!$C$2/100+ 'HOJA 3. FORMULACION'!E3*'HOJA 2. INSUMOS'!$C$5/100+ 'HOJA 3. FORMULACION'!F3*'HOJA 2. INSUMOS'!$C$3/100+ 'HOJA 3. FORMULACION'!G3*'HOJA 2. INSUMOS'!$C$4/100) -> 7.8 | E3: =IF(B3="","",C3-D3) -> 16.2 | F3: =IF(B3="","", 'HOJA 3. FORMULACION'!D3*(1-'HOJA 2. INSUMOS'!$C$2/100)*'HOJA 2. INSUMOS'!$D$2/100+ 'HOJA 3. FORMULACION'!E3*(1-'HOJA 2. INSUMOS'!$C$5/100)*'HOJA 2. INSUMOS'!$D$5/100+ 'HOJA 3. FORMULACION'!F3*(1-'HOJA 2. INSUMOS'!$C$3/100)*'HOJA 2. INSUMOS'!$D$3/100+ 'HOJA 3. FORMULACION'!G3*(1-'HOJA 2. INSUMOS'!$C$4/100)*'HOJA 2. INSUMOS'!$D$4/100) -> 7.2942 | G3: =IF(B3="","", 'HOJA 3. FORMULACION'!D3*(1-'HOJA 2. INSUMOS'!$C$2/100)*'HOJA 2. INSUMOS'!$E$2/100+ 'HOJA 3. FORMULACION'!E3*(1-'HOJA 2. INSUMOS'!$C$5/100)*'HOJA 2. INSUMOS'!$E$5/100+ 'HOJA 3. FORMULACION'!F3*(1-'HOJA 2. INSUMOS'!$C$3/100)*'HOJA 2. INSUMOS'!$E$3/100+ 'HOJA 3. FORMULACION'!G3*(1-'HOJA 2. INSUMOS'!$C$4/100)*'HOJA 2. INSUMOS'!$E$4/100) -> 0.21504 | H3: =IF(B3="","",SUMIFS($C$3:C3,$B$3:B3,B3)) -> 24 | I3: =IF(B3="","",SUMIFS($D$3:D3,$B$3:B3,B3)) -> 7.8 | J3: =IF(B3="","",SUMIFS($E$3:E3,$B$3:B3,B3)) -> 16.2 | K3: =IF(B3="","",SUMIFS($F$3:F3,$B$3:B3,B3)) -> 7.2942 | L3: =IF(B3="","",SUMIFS($G$3:G3,$B$3:B3,B3)) -> 0.21504 | M3: =IF(H3=0,"",I3/H3*100) -> 32.5 | N3: =IF(J3=0,"",K3/J3*100) -> 45.025926 | O3: =IF(J3=0,"",L3/J3*100) -> 1.3274074 | P3: =IF(L3=0,"",K3/L3) -> 33.920201
A4: ='HOJA 3. FORMULACION'!A4 -> 46061 | B4: ='HOJA 3. FORMULACION'!C4 -> CMP-001-2026 | C4: ='HOJA 3. FORMULACION'!I4 -> 30 | D4: =IF(B4="","", 'HOJA 3. FORMULACION'!D4*'HOJA 2. INSUMOS'!$C$2/100+ 'HOJA 3. FORMULACION'!E4*'HOJA 2. INSUMOS'!$C$5/100+ 'HOJA 3. FORMULACION'!F4*'HOJA 2. INSUMOS'!$C$3/100+ 'HOJA 3. FORMULACION'!G4*'HOJA 2. INSUMOS'!$C$4/100) -> 8.75 | E4: =IF(B4="","",C4-D4) -> 21.25 | F4: =IF(B4="","", 'HOJA 3. FORMULACION'!D4*(1-'HOJA 2. INSUMOS'!$C$2/100)*'HOJA 2. INSUMOS'!$D$2/100+ 'HOJA 3. FORMULACION'!E4*(1-'HOJA 2. INSUMOS'!$C$5/100)*'HOJA 2. INSUMOS'!$D$5/100+ 'HOJA 3. FORMULACION'!F4*(1-'HOJA 2. INSUMOS'!$C$3/100)*'HOJA 2. INSUMOS'!$D$3/100+ 'HOJA 3. FORMULACION'!G4*(1-'HOJA 2. INSUMOS'!$C$4/100)*'HOJA 2. INSUMOS'!$D$4/100) -> 9.27675 | G4: =IF(B4="","", 'HOJA 3. FORMULACION'!D4*(1-'HOJA 2. INSUMOS'!$C$2/100)*'HOJA 2. INSUMOS'!$E$2/100+ 'HOJA 3. FORMULACION'!E4*(1-'HOJA 2. INSUMOS'!$C$5/100)*'HOJA 2. INSUMOS'!$E$5/100+ 'HOJA 3. FORMULACION'!F4*(1-'HOJA 2. INSUMOS'!$C$3/100)*'HOJA 2. INSUMOS'!$E$3/100+ 'HOJA 3. FORMULACION'!G4*(1-'HOJA 2. INSUMOS'!$C$4/100)*'HOJA 2. INSUMOS'!$E$4/100) -> 0.32255 | H4: =IF(B4="","",SUMIFS($C$3:C4,$B$3:B4,B4)) -> 54 | I4: =IF(B4="","",SUMIFS($D$3:D4,$B$3:B4,B4)) -> 16.55 | J4: =IF(B4="","",SUMIFS($E$3:E4,$B$3:B4,B4)) -> 37.45 | K4: =IF(B4="","",SUMIFS($F$3:F4,$B$3:B4,B4)) -> 16.57095 | L4: =IF(B4="","",SUMIFS($G$3:G4,$B$3:B4,B4)) -> 0.53759 | M4: =IF(H4=0,"",I4/H4*100) -> 30.648148 | N4: =IF(J4=0,"",K4/J4*100) -> 44.248198 | O4: =IF(J4=0,"",L4/J4*100) -> 1.4354873 | P4: =IF(L4=0,"",K4/L4) -> 30.824513
A5: ='HOJA 3. FORMULACION'!A5 -> 46062 | B5: ='HOJA 3. FORMULACION'!C5 -> CMP-002-2026 | C5: ='HOJA 3. FORMULACION'!I5 -> 30 | D5: =IF(B5="","", 'HOJA 3. FORMULACION'!D5*'HOJA 2. INSUMOS'!$C$2/100+ 'HOJA 3. FORMULACION'!E5*'HOJA 2. INSUMOS'!$C$5/100+ 'HOJA 3. FORMULACION'!F5*'HOJA 2. INSUMOS'!$C$3/100+ 'HOJA 3. FORMULACION'!G5*'HOJA 2. INSUMOS'!$C$4/100) -> 8.8 | E5: =IF(B5="","",C5-D5) -> 21.2 | F5: =IF(B5="","", 'HOJA 3. FORMULACION'!D5*(1-'HOJA 2. INSUMOS'!$C$2/100)*'HOJA 2. INSUMOS'!$D$2/100+ 'HOJA 3. FORMULACION'!E5*(1-'HOJA 2. INSUMOS'!$C$5/100)*'HOJA 2. INSUMOS'!$D$5/100+ 'HOJA 3. FORMULACION'!F5*(1-'HOJA 2. INSUMOS'!$C$3/100)*'HOJA 2. INSUMOS'!$D$3/100+ 'HOJA 3. FORMULACION'!G5*(1-'HOJA 2. INSUMOS'!$C$4/100)*'HOJA 2. INSUMOS'!$D$4/100) -> 9.2544 | G5: =IF(B5="","", 'HOJA 3. FORMULACION'!D5*(1-'HOJA 2. INSUMOS'!$C$2/100)*'HOJA 2. INSUMOS'!$E$2/100+ 'HOJA 3. FORMULACION'!E5*(1-'HOJA 2. INSUMOS'!$C$5/100)*'HOJA 2. INSUMOS'!$E$5/100+ 'HOJA 3. FORMULACION'!F5*(1-'HOJA 2. INSUMOS'!$C$3/100)*'HOJA 2. INSUMOS'!$E$3/100+ 'HOJA 3. FORMULACION'!G5*(1-'HOJA 2. INSUMOS'!$C$4/100)*'HOJA 2. INSUMOS'!$E$4/100) -> 0.41698 | H5: =IF(B5="","",SUMIFS($C$3:C5,$B$3:B5,B5)) -> 30 | I5: =IF(B5="","",SUMIFS($D$3:D5,$B$3:B5,B5)) -> 8.8 | J5: =IF(B5="","",SUMIFS($E$3:E5,$B$3:B5,B5)) -> 21.2 | K5: =IF(B5="","",SUMIFS($F$3:F5,$B$3:B5,B5)) -> 9.2544 | L5: =IF(B5="","",SUMIFS($G$3:G5,$B$3:B5,B5)) -> 0.41698 | M5: =IF(H5=0,"",I5/H5*100) -> 29.333333 | N5: =IF(J5=0,"",K5/J5*100) -> 43.65283 | O5: =IF(J5=0,"",L5/J5*100) -> 1.9668868 | P5: =IF(L5=0,"",K5/L5) -> 22.19387
A6: ='HOJA 3. FORMULACION'!A6 -> 46063 | B6: ='HOJA 3. FORMULACION'!C6 -> CMP-002-2026 | C6: ='HOJA 3. FORMULACION'!I6 -> 5 | D6: =IF(B6="","", 'HOJA 3. FORMULACION'!D6*'HOJA 2. INSUMOS'!$C$2/100+ 'HOJA 3. FORMULACION'!E6*'HOJA 2. INSUMOS'!$C$5/100+ 'HOJA 3. FORMULACION'!F6*'HOJA 2. INSUMOS'!$C$3/100+ 'HOJA 3. FORMULACION'!G6*'HOJA 2. INSUMOS'!$C$4/100) -> 0 | E6: =IF(B6="","",C6-D6) -> 5 | F6: =IF(B6="","", 'HOJA 3. FORMULACION'!D6*(1-'HOJA 2. INSUMOS'!$C$2/100)*'HOJA 2. INSUMOS'!$D$2/100+ 'HOJA 3. FORMULACION'!E6*(1-'HOJA 2. INSUMOS'!$C$5/100)*'HOJA 2. INSUMOS'!$D$5/100+ 'HOJA 3. FORMULACION'!F6*(1-'HOJA 2. INSUMOS'!$C$3/100)*'HOJA 2. INSUMOS'!$D$3/100+ 'HOJA 3. FORMULACION'!G6*(1-'HOJA 2. INSUMOS'!$C$4/100)*'HOJA 2. INSUMOS'!$D$4/100) -> 2.25 | G6: =IF(B6="","", 'HOJA 3. FORMULACION'!D6*(1-'HOJA 2. INSUMOS'!$C$2/100)*'HOJA 2. INSUMOS'!$E$2/100+ 'HOJA 3. FORMULACION'!E6*(1-'HOJA 2. INSUMOS'!$C$5/100)*'HOJA 2. INSUMOS'!$E$5/100+ 'HOJA 3. FORMULACION'!F6*(1-'HOJA 2. INSUMOS'!$C$3/100)*'HOJA 2. INSUMOS'!$E$3/100+ 'HOJA 3. FORMULACION'!G6*(1-'HOJA 2. INSUMOS'!$C$4/100)*'HOJA 2. INSUMOS'!$E$4/100) -> 0.0055 | H6: =IF(B6="","",SUMIFS($C$3:C6,$B$3:B6,B6)) -> 35 | I6: =IF(B6="","",SUMIFS($D$3:D6,$B$3:B6,B6)) -> 8.8 | J6: =IF(B6="","",SUMIFS($E$3:E6,$B$3:B6,B6)) -> 26.2 | K6: =IF(B6="","",SUMIFS($F$3:F6,$B$3:B6,B6)) -> 11.5044 | L6: =IF(B6="","",SUMIFS($G$3:G6,$B$3:B6,B6)) -> 0.42248 | M6: =IF(H6=0,"",I6/H6*100) -> 25.142857 | N6: =IF(J6=0,"",K6/J6*100) -> 43.909924 | O6: =IF(J6=0,"",L6/J6*100) -> 1.6125191 | P6: =IF(L6=0,"",K6/L6) -> 27.230638
A7: ='HOJA 3. FORMULACION'!A7 -> 46032 | B7: ='HOJA 3. FORMULACION'!C7 -> CMP-001-2026 | C7: ='HOJA 3. FORMULACION'!I7 -> 20 | D7: =IF(B7="","", 'HOJA 3. FORMULACION'!D7*'HOJA 2. INSUMOS'!$C$2/100+ 'HOJA 3. FORMULACION'!E7*'HOJA 2. INSUMOS'!$C$5/100+ 'HOJA 3. FORMULACION'!F7*'HOJA 2. INSUMOS'!$C$3/100+ 'HOJA 3. FORMULACION'!G7*'HOJA 2. INSUMOS'!$C$4/100) -> 10.8 | E7: =IF(B7="","",C7-D7) -> 9.2 | F7: =IF(B7="","", 'HOJA 3. FORMULACION'!D7*(1-'HOJA 2. INSUMOS'!$C$2/100)*'HOJA 2. INSUMOS'!$D$2/100+ 'HOJA 3. FORMULACION'!E7*(1-'HOJA 2. INSUMOS'!$C$5/100)*'HOJA 2. INSUMOS'!$D$5/100+ 'HOJA 3. FORMULACION'!F7*(1-'HOJA 2. INSUMOS'!$C$3/100)*'HOJA 2. INSUMOS'!$D$3/100+ 'HOJA 3. FORMULACION'!G7*(1-'HOJA 2. INSUMOS'!$C$4/100)*'HOJA 2. INSUMOS'!$D$4/100) -> 3.978 | G7: =IF(B7="","", 'HOJA 3. FORMULACION'!D7*(1-'HOJA 2. INSUMOS'!$C$2/100)*'HOJA 2. INSUMOS'!$E$2/100+ 'HOJA 3. FORMULACION'!E7*(1-'HOJA 2. INSUMOS'!$C$5/100)*'HOJA 2. INSUMOS'!$E$5/100+ 'HOJA 3. FORMULACION'!F7*(1-'HOJA 2. INSUMOS'!$C$3/100)*'HOJA 2. INSUMOS'!$E$3/100+ 'HOJA 3. FORMULACION'!G7*(1-'HOJA 2. INSUMOS'!$C$4/100)*'HOJA 2. INSUMOS'!$E$4/100) -> 0.1453 | H7: =IF(B7="","",SUMIFS($C$3:C7,$B$3:B7,B7)) -> 74 | I7: =IF(B7="","",SUMIFS($D$3:D7,$B$3:B7,B7)) -> 27.35 | J7: =IF(B7="","",SUMIFS($E$3:E7,$B$3:B7,B7)) -> 46.65 | K7: =IF(B7="","",SUMIFS($F$3:F7,$B$3:B7,B7)) -> 20.54895 | L7: =IF(B7="","",SUMIFS($G$3:G7,$B$3:B7,B7)) -> 0.68289 | M7: =IF(H7=0,"",I7/H7*100) -> 36.959459 | N7: =IF(J7=0,"",K7/J7*100) -> 44.049196 | O7: =IF(J7=0,"",L7/J7*100) -> 1.4638585 | P7: =IF(L7=0,"",K7/L7) -> 30.091157
A8: ='HOJA 3. FORMULACION'!A8 -> 0 | B8: ='HOJA 3. FORMULACION'!C8 -> 0 | C8: ='HOJA 3. FORMULACION'!I8 -> 0 | D8: =IF(B8="","", 'HOJA 3. FORMULACION'!D8*'HOJA 2. INSUMOS'!$C$2/100+ 'HOJA 3. FORMULACION'!E8*'HOJA 2. INSUMOS'!$C$5/100+ 'HOJA 3. FORMULACION'!F8*'HOJA 2. INSUMOS'!$C$3/100+ 'HOJA 3. FORMULACION'!G8*'HOJA 2. INSUMOS'!$C$4/100) -> 0 | E8: =IF(B8="","",C8-D8) -> 0 | F8: =IF(B8="","", 'HOJA 3. FORMULACION'!D8*(1-'HOJA 2. INSUMOS'!$C$2/100)*'HOJA 2. INSUMOS'!$D$2/100+ 'HOJA 3. FORMULACION'!E8*(1-'HOJA 2. INSUMOS'!$C$5/100)*'HOJA 2. INSUMOS'!$D$5/100+ 'HOJA 3. FORMULACION'!F8*(1-'HOJA 2. INSUMOS'!$C$3/100)*'HOJA 2. INSUMOS'!$D$3/100+ 'HOJA 3. FORMULACION'!G8*(1-'HOJA 2. INSUMOS'!$C$4/100)*'HOJA 2. INSUMOS'!$D$4/100) -> 0 | G8: =IF(B8="","", 'HOJA 3. FORMULACION'!D8*(1-'HOJA 2. INSUMOS'!$C$2/100)*'HOJA 2. INSUMOS'!$E$2/100+ 'HOJA 3. FORMULACION'!E8*(1-'HOJA 2. INSUMOS'!$C$5/100)*'HOJA 2. INSUMOS'!$E$5/100+ 'HOJA 3. FORMULACION'!F8*(1-'HOJA 2. INSUMOS'!$C$3/100)*'HOJA 2. INSUMOS'!$E$3/100+ 'HOJA 3. FORMULACION'!G8*(1-'HOJA 2. INSUMOS'!$C$4/100)*'HOJA 2. INSUMOS'!$E$4/100) -> 0 | H8: =IF(B8="","",SUMIFS($C$3:C8,$B$3:B8,B8)) -> 0 | I8: =IF(B8="","",SUMIFS($D$3:D8,$B$3:B8,B8)) -> 0 | J8: =IF(B8="","",SUMIFS($E$3:E8,$B$3:B8,B8)) -> 0 | K8: =IF(B8="","",SUMIFS($F$3:F8,$B$3:B8,B8)) -> 0 | L8: =IF(B8="","",SUMIFS($G$3:G8,$B$3:B8,B8)) -> 0 | M8: =IF(H8=0,"",I8/H8*100) | N8: =IF(J8=0,"",K8/J8*100) | O8: =IF(J8=0,"",L8/J8*100) | P8: =IF(L8=0,"",K8/L8)

Sheet HOJA 4-SEGUIMIENTO
A1: OPERADOR | B1: Fecha de evaluación (dd/mm/aa) | C1: CODIGO DE LOTE | D1: ETAPA | E1: Empresa | F1: Temp 01 (°C) | G1: Temp 02 (°C) | H1: Temp 03 (°C) | I1: Promedio (°C) | J1: pH- 01 | K1: pH- 02 | L1: pH - 03 | M1: Promedio (pH) | N1: Humedad (%) | O1: N° Volteo | P1: Estado Humedad | Q1: Estado pH | R1: Estado temperatura | S1: Estado General | T1: Recomendaciones
A2: Blas Adrián Carpio Alvarez | B2: 46030 | C2: CMP-001-2026 | D2: Mesófila I | E2: Sepersur | F2: 39 | G2: 36 | H2: 41 | I2: =AVERAGE(Table4[[#This Row],[Temp 01 (°C)]:[Temp 03 (°C)]]) -> 38.666667 | J2: 6.6 | K2: 2 | L2: 5.21 | M2: =AVERAGE(J2:L2) -> 4.6033333 | N2: 50 | O2: 1 | P2: =IF(I2<_xlfn.XLOOKUP(D2,'HOJA 1. CONFIGURACION'!$C$2:$F$2,'HOJA 1. CONFIGURACION'!$C$5:$F$5),"BAJA", IF(I2>_xlfn.XLOOKUP(D2,'HOJA 1. CONFIGURACION'!$C$2:$F$2,'HOJA 1. CONFIGURACION'!$C$6:$F$6),"ALTA", "CORRECTA")) -> CORRECTA | Q2: =IF(M2<_xlfn.XLOOKUP(D2,'HOJA 1. CONFIGURACION'!$C$2:$F$2,'HOJA 1. CONFIGURACION'!$C$7:$F$7),"BAJO", IF(M2>_xlfn.XLOOKUP(D2,'HOJA 1. CONFIGURACION'!$C$2:$F$2,'HOJA 1. CONFIGURACION'!$C$8:$F$8),"ALTO", "CORRECTO")) -> BAJO | R2: =IF(H2<_xlfn.XLOOKUP(D2,'HOJA 1. CONFIGURACION'!$C$2:$F$2,'HOJA 1. CONFIGURACION'!$C$3:$F$3),"BAJA", IF(H2>_xlfn.XLOOKUP(D2,'HOJA 1. CONFIGURACION'!$C$2:$F$2,'HOJA 1. CONFIGURACION'!$C$4:$F$4),"ALTA", "CORRECTA")) -> CORRECTA | S2: =IF(AND(O2="CORRECTA",P2="CORRECTA",Q2="CORRECTO"), "OPERACIÓN NORMAL", "REQUIERE AJUSTE OPERATIVO") -> REQUIERE AJUSTE OPERATIVO | T2: =_xlfn.TEXTJOIN(" | ",TRUE, IF(P2="","",IF(P2="CORRECTA","",_xlfn.XLOOKUP("HUMEDAD|"&UPPER(TRIM(CLEAN(P2))),Table8[[CLAVE ]],Table8[Recomendación],"REGLA NO ENCONTRADA"))), IF(Q2="","",IF(Q2="CORRECTO","",_xlfn.XLOOKUP("PH|"&UPPER(TRIM(CLEAN(Q2))),Table8[[CLAVE ]],Table8[Recomendación],"REGLA NO ENCONTRADA"))), IF(R2="","",IF(R2="CORRECTA","",_xlfn.XLOOKUP("TEMPERATURA|"&UPPER(TRIM(CLEAN(R2))),Table8[[CLAVE ]],Table8[Recomendación],"REGLA NO ENCONTRADA"))) ) -> Revisar composición de la mezcla y continuar el seguimiento del pH.

Sheet HOJA 5. INVENTARIO (STOCK)
A1: Fecha | B1: CODIGO DE LOTE | C1: Numero de ficha (peso) | D1: Compost ingresado a stock (ton) | E1: salida para remediacion (ton) | F1: salida para donacion (ton) | G1: Stock Acumulado (ton) | H1: Estado del inventario
A2: 46030 | B2: CMP-001-2026 | C2: 1232454 | D2: 10 | E2: 4 | F2: 6 | G2: =IF(D2="","",D2-E2-F2) -> 0 | H2: =IF(G2<=0,"SIN STOCK","DISPONIBLE") -> SIN STOCK
A3: 1/9/2026 | D3: 15 | E3: 2 | F3: 3 | G3: =IF(COUNTA(D3:F3)=0,"",G2+SUM(D3)-SUM(E3:F3)) -> 10 | H3: =IF(G3<=0,"SIN STOCK","DISPONIBLE") -> DISPONIBLE
E4: 2 | F4: 3 | G4: =IF(COUNTA(D4:F4)=0,"",G3+SUM(D4)-SUM(E4:F4)) -> 5 | H4: =IF(G4<=0,"SIN STOCK","DISPONIBLE") -> DISPONIBLE
D5: 4 | G5: =IF(COUNTA(D5:F5)=0,"",G4+SUM(D5)-SUM(E5:F5)) -> 9 | H5: =IF(G5<=0,"SIN STOCK","DISPONIBLE") -> DISPONIBLE
G6: =IF(COUNTA(D6:F6)=0,"",G5+SUM(D6)-SUM(E6:F6)) | H6: =IF(G6<=0,"SIN STOCK","DISPONIBLE") -> DISPONIBLE
G7: =IF(COUNTA(D7:F7)=0,"",G6+SUM(D7)-SUM(E7:F7)) | H7: =IF(G7<=0,"SIN STOCK","DISPONIBLE") -> DISPONIBLE
G8: =IF(COUNTA(D8:F8)=0,"",G7+SUM(D8)-SUM(E8:F8)) | H8: =IF(G8<=0,"SIN STOCK","DISPONIBLE") -> DISPONIBLE
G9: =IF(COUNTA(D9:F9)=0,"",G8+SUM(D9)-SUM(E9:F9)) | H9: =IF(G9<=0,"SIN STOCK","DISPONIBLE") -> DISPONIBLE
G10: =IF(COUNTA(D10:F10)=0,"",G9+SUM(D10)-SUM(E10:F10)) | H10: =IF(G10<=0,"SIN STOCK","DISPONIBLE") -> DISPONIBLE
G11: =IF(COUNTA(D11:F11)=0,"",G10+SUM(D11)-SUM(E11:F11)) | H11: =IF(G11<=0,"SIN STOCK","DISPONIBLE") -> DISPONIBLE
G12: =IF(COUNTA(D12:F12)=0,"",G11+SUM(D12)-SUM(E12:F12)) | H12: =IF(G12<=0,"SIN STOCK","DISPONIBLE") -> DISPONIBLE

Sheet HOJA 6. INDICADORES
A1: Total de residuos ingresados a compostaje (ton) | B1: Residuos organicos valorizados (ton) | C1: Compost producido (ton) | D1: Stock disponible (ton) | E1: Cumplimiento de registros (%) | F1: numero de alertas
A2: =SUM('HOJA 3. FORMULACION'!P:P) -> 109 | C2: =SUM('HOJA 5. INVENTARIO (STOCK)'!D:D) -> 29 | D2: =LOOKUP(9.99999999999999E+307,'HOJA 5. INVENTARIO (STOCK)'!G:G) -> 9 | E2: =COUNTA('HOJA 4-SEGUIMIENTO'!A:A)-1 -> 1 | F2: =COUNTIF('HOJA 4-SEGUIMIENTO'!S:S,"REQUIERE AJUSTE OPERATIVO") -> 1

Sheet BASE_CONOCIMIENTOS 
A1: ID | B1: Modulo | C1: Parametro | D1: ESTADO EVALUADO | E1: Condicion | F1: RESULTADO | G1: Recomendación | H1: CLAVE
A2: R-001 | B2: Formulacion | C2: Humedad inicial | D2: BAJA | E2: Humedad < limite minimo de Mesófila I | F2: Reformular | G2: Incrementar la humedad inicial de la mezcla antes de conformar la pila | H2: =UPPER(TRIM(CLEAN(Table8[[#This Row],[Parametro]])))&"|"&UPPER(TRIM(CLEAN(Table8[[#This Row],[ESTADO EVALUADO]]))) -> HUMEDAD INICIAL|BAJA
A3: R-002 | B3: Formulacion | C3: Humedad inicial | D3: ALTA | E3: Humedad > limite maximo de Mesófila I | F3: Reformular | G3: Incrementar el material estructurante para reducir la humedad de la mezcla | H3: =UPPER(TRIM(CLEAN(Table8[[#This Row],[Parametro]])))&"|"&UPPER(TRIM(CLEAN(Table8[[#This Row],[ESTADO EVALUADO]]))) -> HUMEDAD INICIAL|ALTA
A4: R-003 | B4: Formulacion | C4: Humedad inicial | D4: CORRECTA | E4: Humedad dentro del rango | F4: Aprobada | G4: La humedad inciial es adecuada para iniciar el proceso | H4: =UPPER(TRIM(CLEAN(Table8[[#This Row],[Parametro]])))&"|"&UPPER(TRIM(CLEAN(Table8[[#This Row],[ESTADO EVALUADO]]))) -> HUMEDAD INICIAL|CORRECTA
A5: R-004 | B5: Formulacion | C5: Relacion C/N | D5: BAJO | E5: C/N < limite minimo | F5: Reformular | G5: Incrementar materiales ricos en carbono, como aserrin, podas, etc | H5: =UPPER(TRIM(CLEAN(Table8[[#This Row],[Parametro]])))&"|"&UPPER(TRIM(CLEAN(Table8[[#This Row],[ESTADO EVALUADO]]))) -> RELACION C/N|BAJO
A6: R-005 | B6: Formulacion | C6: Relacion C/N | D6: ALTO | E6: C/N > limite maximo | F6: Reformular | G6: incrementar materiales con mayor contenido de nitrogeno | H6: =UPPER(TRIM(CLEAN(Table8[[#This Row],[Parametro]])))&"|"&UPPER(TRIM(CLEAN(Table8[[#This Row],[ESTADO EVALUADO]]))) -> RELACION C/N|ALTO
A7: R-006 | B7: Formulacion | C7: Relacion C/N | D7: CORRECTO | E7: C/N dentro del rango | F7: Aprobada | G7: La relacion C/N es adecuada | H7: =UPPER(TRIM(CLEAN(Table8[[#This Row],[Parametro]])))&"|"&UPPER(TRIM(CLEAN(Table8[[#This Row],[ESTADO EVALUADO]]))) -> RELACION C/N|CORRECTO
A8: R-007 | B8: Seguimiento | C8: Temperatura | D8: BAJA | E8: Temperatura < limite minimo | F8: Reformular | G8: Verificar humedad, mezcla y evolución de la actividad biológica. | H8: =UPPER(TRIM(CLEAN(Table8[[#This Row],[Parametro]])))&"|"&UPPER(TRIM(CLEAN(Table8[[#This Row],[ESTADO EVALUADO]]))) -> TEMPERATURA|BAJA
A9: R-008 | B9: Seguimiento | C9: Temperatura | D9: ALTA | E9: Temperatura > limite maximo | F9: Reformular | G9: Realizar volteo y verificar aireación de la pila. | H9: =UPPER(TRIM(CLEAN(Table8[[#This Row],[Parametro]])))&"|"&UPPER(TRIM(CLEAN(Table8[[#This Row],[ESTADO EVALUADO]]))) -> TEMPERATURA|ALTA
A10: R-009 | B10: Seguimiento | C10: Temperatura | D10: CORRECTA | E10: Temperatura dentro del rango | F10: Aprobada | G10: La temperatura se encuentra dentro del rango esperado. | H10: =UPPER(TRIM(CLEAN(Table8[[#This Row],[Parametro]])))&"|"&UPPER(TRIM(CLEAN(Table8[[#This Row],[ESTADO EVALUADO]]))) -> TEMPERATURA|CORRECTA
A11: R-010 | B11: Seguimiento | C11: pH | D11: BAJO | E11: pH < limite minimo | F11: Reformular | G11: Revisar composición de la mezcla y continuar el seguimiento del pH. | H11: =UPPER(TRIM(CLEAN(Table8[[#This Row],[Parametro]])))&"|"&UPPER(TRIM(CLEAN(Table8[[#This Row],[ESTADO EVALUADO]]))) -> PH|BAJO
A12: R-011 | B12: Seguimiento | C12: pH | D12: ALTO | E12: pH > limite maximo | F12: Reformular | G12: Revisar composición de la mezcla y posibles pérdidas de nitrógeno. | H12: =UPPER(TRIM(CLEAN(Table8[[#This Row],[Parametro]])))&"|"&UPPER(TRIM(CLEAN(Table8[[#This Row],[ESTADO EVALUADO]]))) -> PH|ALTO
A13: R-012 | B13: Seguimiento | C13: pH | D13: CORRECTO | E13: pH limite dentro del rango | F13: Aprobada | G13: El pH se encuentra dentro del rango esperado. | H13: =UPPER(TRIM(CLEAN(Table8[[#This Row],[Parametro]])))&"|"&UPPER(TRIM(CLEAN(Table8[[#This Row],[ESTADO EVALUADO]]))) -> PH|CORRECTO
... A16: R-015 | B16: Seguimiento | C16: Humedad | D16: CORRECTA | E16: Humedad dentro del rango | F16: Aprobada | G16: La humedad se encuentra dentro del rango esperado. | H16: =UPPER(TRIM(CLEAN(Table8[[#This Row],[Parametro]])))&"|"&UPPER(TRIM(CLEAN(Table8[[#This Row],[ESTADO EVALUADO]]))) -> HUMEDAD|CORRECTA
